column,count,mean,median,min,max,range,std_dev,coefficient_of_variation
delivery_time_min,8,36.625,30.5,27.0,80.0,53.0,17.719541271069712,0.48381000057528223
daily_orders,8,97.375,100.5,60.0,120.0,60.0,17.904009925951545,0.18386659744237788
customer_rating,8,4.5125,4.6,3.8,4.8,1.0,0.31367635732209265,0.0695127661655607
refund_amount,8,16.375,9.5,5.0,65.0,60.0,19.8849368690402,1.2143472897123786
