column,count,mean,median,min,max,variance,std_dev,range
response_time_sec,8,22.875,13.5,11.0,90.0,738.4107142857143,27.173713663864834,79.0
error_count,8,1.5,1.0,0.0,7.0,5.428571428571429,2.32992949004287,7.0
transaction_value,8,176.875,131.0,118.0,510.0,18190.410714285714,134.87183069227507,392.0
